Code,Date,Open,High,Low,Close,Volumn
0056,20130102,22.83,23.05,22.83,22.95,1623
0056,20130103,23.05,23.15,23.05,23.06,1423
0056,20130104,23.06,23.06,22.90,22.95,521
0056,20130107,22.95,23.00,22.82,22.97,951
0056,20130108,22.95,22.97,22.78,22.80,718
0056,20130109,22.80,22.99,22.77,22.89,276
0056,20130110,22.95,23.08,22.95,23.06,625
0056,20130111,23.10,23.14,23.00,23.03,423
0056,20130114,22.93,23.15,22.84,23.15,415
0056,20130115,23.10,23.20,23.04,23.07,839
0056,20130116,23.07,23.14,22.99,23.08,940
0056,20130117,23.10,23.21,22.78,22.82,1183
0056,20130118,22.95,23.08,22.95,23.06,504
0056,20130121,23.05,23.18,23.01,23.15,563
0056,20130122,23.15,23.28,23.14,23.25,930
0056,20130123,23.25,23.30,23.14,23.14,1018
0056,20130124,23.12,23.18,23.04,23.09,2502
0056,20130125,23.06,23.16,23.06,23.10,1416
0056,20130128,23.16,23.24,23.15,23.22,1975
0056,20130129,23.35,23.46,23.31,23.42,2021
0056,20130130,23.50,23.68,23.48,23.64,1848
0056,20130131,23.65,23.76,23.63,23.76,2894
0056,20130201,23.76,23.89,23.76,23.83,1888
0056,20130204,23.90,23.99,23.85,23.90,1750
0056,20130205,23.86,23.86,23.75,23.82,965
0056,20130206,23.83,23.87,23.65,23.68,1383
0056,20130218,23.78,23.82,23.69,23.75,711
0056,20130219,23.74,23.79,23.66,23.72,998
0056,20130220,23.82,23.86,23.77,23.82,967
0056,20130221,23.80,23.80,23.70,23.73,610
0056,20130222,23.70,23.70,23.51,23.70,822
0056,20130223,23.60,23.73,23.60,23.67,489
0056,20130225,23.67,23.70,23.60,23.62,249
0056,20130226,23.50,23.59,23.42,23.52,602
0056,20130227,23.54,23.70,23.54,23.58,285
0056,20130301,23.64,23.78,23.64,23.76,725
0056,20130304,23.76,23.76,23.57,23.60,857
0056,20130305,23.61,23.69,23.58,23.69,644
0056,20130306,23.80,23.80,23.70,23.75,874
0056,20130307,23.75,23.79,23.64,23.70,327
0056,20130308,23.73,23.87,23.73,23.80,1098
0056,20130311,23.80,23.85,23.77,23.80,404
0056,20130312,23.80,23.85,23.67,23.69,346
0056,20130313,23.70,23.73,23.46,23.51,931
0056,20130314,23.51,23.51,23.40,23.50,495
0056,20130315,23.50,23.54,23.28,23.30,1147
0056,20130318,23.23,23.23,23.05,23.17,1006
0056,20130319,23.05,23.10,23.00,23.02,1842
0056,20130320,22.85,22.98,22.80,22.84,1693
0056,20130321,22.84,23.10,22.84,23.06,483
0056,20130322,23.00,23.08,22.95,23.04,256
0056,20130325,23.10,23.19,23.10,23.14,277
0056,20130326,23.19,23.19,23.08,23.08,298
0056,20130327,23.08,23.19,23.08,23.17,283
0056,20130328,23.19,23.19,23.09,23.10,255
0056,20130329,23.20,23.20,23.10,23.20,349
0056,20130401,23.25,23.25,23.11,23.15,226
0056,20130402,23.15,23.20,23.11,23.17,323
0056,20130403,23.25,23.33,23.20,23.33,560
0056,20130408,23.20,23.20,22.93,22.98,2564
0056,20130409,22.98,23.00,22.85,22.91,1888
0056,20130410,23.03,23.03,22.89,22.90,912
0056,20130411,23.00,23.13,22.96,23.10,745
0056,20130412,23.13,23.15,23.06,23.09,319
0056,20130415,23.10,23.15,23.00,23.04,467
0056,20130416,23.00,23.04,22.88,23.04,689
0056,20130417,23.00,23.06,23.00,23.06,350
0056,20130418,23.12,23.12,23.06,23.06,262
0056,20130419,23.12,23.30,23.09,23.20,435
0056,20130422,23.30,23.43,23.28,23.29,706
0056,20130423,23.30,23.40,23.27,23.32,281
0056,20130424,23.47,23.56,23.45,23.54,805
0056,20130425,23.50,23.66,23.50,23.54,824
0056,20130426,23.59,23.84,23.59,23.65,1135
0056,20130429,23.71,23.73,23.65,23.73,603
0056,20130430,23.94,23.99,23.90,23.96,1747
0056,20130502,23.90,24.09,23.90,24.05,2536
0056,20130503,24.14,24.34,24.08,24.11,1322
0056,20130506,24.26,24.29,24.15,24.18,1217
0056,20130507,24.18,24.18,24.00,24.03,618
0056,20130508,24.03,24.34,24.03,24.27,1865
0056,20130509,24.50,24.50,24.28,24.28,3390
0056,20130510,24.28,24.32,24.20,24.21,769
0056,20130513,24.20,24.25,24.19,24.22,633
0056,20130514,24.32,24.33,24.15,24.20,602
0056,20130515,24.22,24.30,24.13,24.30,532
0056,20130516,24.45,24.66,24.32,24.61,2158
0056,20130517,24.61,24.66,24.54,24.54,470
0056,20130520,24.58,24.60,24.50,24.58,486
0056,20130521,24.58,24.75,24.58,24.71,695
0056,20130522,24.75,24.79,24.60,24.63,405
0056,20130523,24.55,24.58,24.21,24.26,1381
0056,20130524,24.22,24.30,24.00,24.10,633
0056,20130527,24.05,24.18,24.03,24.16,266
0056,20130528,24.30,24.30,24.18,24.26,311
0056,20130529,24.32,24.43,24.32,24.35,307
0056,20130530,24.31,24.31,24.05,24.13,639
0056,20130531,24.31,24.31,24.12,24.14,232
0056,20130603,23.90,24.10,23.90,24.10,428
0056,20130604,24.10,24.10,23.96,23.98,396
0056,20130605,23.96,23.96,23.90,23.92,251
0056,20130606,23.82,23.82,23.60,23.66,1902
0056,20130607,23.65,23.69,23.50,23.60,1124
0056,20130610,23.90,23.90,23.73,23.78,339
0056,20130611,23.80,23.80,23.60,23.61,595
0056,20130613,23.50,23.50,23.25,23.25,3102
0056,20130614,23.34,23.34,23.15,23.22,1826
0056,20130617,23.24,23.33,23.24,23.33,647
0056,20130618,23.35,23.40,23.24,23.39,828
0056,20130619,23.46,23.46,23.41,23.45,207
0056,20130620,23.18,23.32,23.16,23.25,1192
0056,20130621,22.95,23.14,22.81,23.14,3143
0056,20130624,23.07,23.12,22.88,23.04,1847
0056,20130625,23.04,23.05,22.67,22.80,3658
0056,20130626,22.89,23.04,22.83,22.98,1128
0056,20130627,23.10,23.30,23.05,23.30,562
0056,20130628,23.36,23.42,23.30,23.41,1261
0056,20130701,23.41,23.70,23.41,23.69,5514
0056,20130702,23.69,23.69,23.55,23.55,842
0056,20130703,23.52,23.59,23.50,23.53,504
0056,20130704,23.52,23.64,23.46,23.52,421
0056,20130705,23.70,23.74,23.60,23.73,443
0056,20130708,23.73,23.73,23.47,23.55,633
0056,20130709,23.60,23.71,23.55,23.62,349
0056,20130710,23.62,23.76,23.62,23.65,640
0056,20130711,23.84,24.05,23.83,24.04,2109
0056,20130712,24.04,24.15,24.02,24.10,1417
0056,20130715,24.10,24.32,24.04,24.27,1034
0056,20130716,24.27,24.37,24.26,24.35,1227
0056,20130717,24.35,24.36,24.18,24.30,650
0056,20130718,24.30,24.38,24.13,24.22,1522
0056,20130719,24.22,24.22,23.94,23.98,923
0056,20130722,24.01,24.19,24.01,24.16,469
0056,20130723,24.23,24.48,24.20,24.47,1343
0056,20130724,24.47,24.57,24.36,24.43,1292
0056,20130725,24.43,24.50,24.27,24.30,470
0056,20130726,24.33,24.42,24.23,24.24,335
0056,20130729,24.30,24.30,24.08,24.18,318
0056,20130730,24.18,24.33,24.16,24.25,518
0056,20130731,24.30,24.33,24.20,24.30,357
0056,20130801,24.45,24.45,24.25,24.28,211
0056,20130802,24.35,24.42,24.25,24.27,280
0056,20130805,24.27,24.30,24.26,24.28,248
0056,20130806,24.28,24.32,24.08,24.15,486
0056,20130807,24.06,24.06,23.81,23.83,1251
0056,20130808,23.83,23.83,23.68,23.80,978
0056,20130809,23.82,23.86,23.65,23.72,864
0056,20130812,23.72,23.85,23.72,23.83,552
0056,20130813,23.86,24.00,23.86,23.99,329
0056,20130814,24.09,24.09,23.85,23.92,367
0056,20130815,23.76,23.84,23.62,23.80,3413
0056,20130816,23.66,23.84,23.63,23.80,1166
0056,20130819,23.71,23.73,23.59,23.68,1374
0056,20130820,23.62,23.68,23.35,23.40,4576
0056,20130822,23.40,23.40,23.00,23.20,5473
0056,20130823,23.38,23.42,23.23,23.39,810
0056,20130826,23.50,23.58,23.34,23.58,1056
0056,20130827,23.51,23.51,23.36,23.40,1169
0056,20130828,23.31,23.37,23.18,23.37,1502
0056,20130829,23.40,23.52,23.39,23.50,519
0056,20130830,23.55,23.65,23.51,23.65,1395
0056,20130902,23.72,23.85,23.69,23.84,1570
0056,20130903,23.87,24.03,23.87,24.03,4636
0056,20130904,24.03,24.04,23.91,24.03,1651
0056,20130905,24.03,24.21,24.03,24.18,2477
0056,20130906,24.18,24.25,24.18,24.20,1211
0056,20130909,24.20,24.21,24.06,24.19,783
0056,20130910,24.20,24.36,24.20,24.25,1879
0056,20130911,24.27,24.29,24.20,24.25,1849
0056,20130912,24.25,24.37,24.25,24.30,826
0056,20130913,24.30,24.33,24.13,24.19,723
0056,20130914,24.19,24.19,24.11,24.18,322
0056,20130916,24.20,24.41,24.20,24.39,2305
0056,20130917,24.41,24.44,24.33,24.34,1410
0056,20130918,24.34,24.42,24.34,24.38,995
0056,20130923,24.38,24.48,24.35,24.46,1003
0056,20130924,24.46,24.53,24.42,24.45,716
0056,20130925,24.45,24.46,24.43,24.43,1364
0056,20130926,24.43,24.43,24.19,24.20,2230
0056,20130927,24.21,24.29,24.16,24.21,2455
0056,20130930,24.10,24.19,23.95,24.19,3158
0056,20131001,24.19,24.24,24.12,24.23,194
0056,20131002,24.28,24.28,24.16,24.27,1483
0056,20131003,24.27,24.52,24.27,24.46,1207
0056,20131004,24.46,24.55,24.45,24.45,625
0056,20131007,24.48,24.48,24.35,24.39,1533
0056,20131008,24.40,24.40,24.25,24.33,668
0056,20131009,24.25,24.30,24.17,24.20,1697
0056,20131011,24.35,24.40,24.17,24.18,1792
0056,20131014,24.08,24.12,23.85,23.92,3259
0056,20131015,23.97,24.03,23.97,24.03,1467
0056,20131016,24.04,24.06,23.98,24.02,2364
0056,20131017,24.17,24.19,24.05,24.08,1246
0056,20131018,24.11,24.19,24.10,24.19,1211
0056,20131021,24.20,24.23,24.10,24.16,2280
0056,20131022,24.13,24.16,24.11,24.16,1260
0056,20131023,24.16,24.18,24.10,24.18,2328
0056,20131024,23.35,23.35,23.19,23.31,3891
0056,20131025,23.24,23.28,23.09,23.15,3263
0056,20131028,23.24,23.24,23.06,23.11,1403
0056,20131029,23.14,23.20,23.06,23.11,1299
0056,20131030,23.11,23.26,23.11,23.26,526
0056,20131031,23.26,23.31,23.21,23.29,696
0056,20131101,23.33,23.33,22.97,23.01,4448
0056,20131104,22.95,22.95,22.81,22.90,2802
0056,20131105,22.86,22.94,22.71,22.73,3146
0056,20131106,22.73,22.75,22.59,22.70,2437
0056,20131107,22.71,22.79,22.64,22.74,1142
0056,20131108,22.70,22.70,22.51,22.59,2856
0056,20131111,22.62,22.62,22.35,22.46,5789
0056,20131112,22.46,22.48,22.26,22.37,4224
0056,20131113,22.35,22.40,22.05,22.16,5509
0056,20131114,22.14,22.30,22.05,22.24,2636
0056,20131115,22.35,22.38,22.25,22.37,1661
0056,20131118,22.41,22.42,22.21,22.24,2540
0056,20131119,22.34,22.43,22.30,22.43,988
0056,20131120,22.44,22.46,22.30,22.32,1965
0056,20131121,22.26,22.26,22.00,22.04,9202
0056,20131122,22.09,22.10,21.98,22.06,2608
0056,20131125,22.18,22.25,22.16,22.25,913
0056,20131126,22.20,22.38,22.16,22.33,889
0056,20131127,22.40,22.50,22.40,22.48,1555
0056,20131128,22.55,22.65,22.55,22.62,3917
0056,20131129,22.63,22.82,22.62,22.80,3677
0056,20131202,22.80,22.83,22.71,22.77,1386
0056,20131203,22.77,22.80,22.73,22.77,514
0056,20131204,22.77,22.79,22.69,22.75,611
0056,20131205,22.75,22.78,22.61,22.69,911
0056,20131206,22.70,22.70,22.61,22.65,550
0056,20131209,22.70,22.89,22.70,22.78,1042
0056,20131210,22.80,22.80,22.71,22.73,380
0056,20131211,22.75,22.80,22.65,22.66,602
0056,20131212,22.58,22.64,22.54,22.64,616
0056,20131213,22.61,22.68,22.58,22.65,307
0056,20131216,22.65,22.65,22.54,22.60,560
0056,20131217,22.60,22.70,22.60,22.68,831
0056,20131218,22.68,22.70,22.65,22.66,323
0056,20131219,22.80,22.82,22.72,22.72,628
0056,20131220,22.82,22.82,22.71,22.78,524
0056,20131223,22.80,22.92,22.80,22.83,1118
0056,20131224,22.85,22.88,22.83,22.84,450
0056,20131225,22.84,22.88,22.84,22.85,337
0056,20131226,22.85,22.88,22.85,22.87,319
0056,20131227,22.89,22.93,22.87,22.93,1031
0056,20131230,22.96,23.03,22.96,23.03,1123
0056,20131231,23.12,23.18,23.03,23.06,1252
0056,20140102,23.06,23.11,23.02,23.09,670
0056,20140103,23.09,23.09,22.94,22.97,802
0056,20140106,22.97,23.00,22.75,22.79,1299
0056,20140107,22.85,22.91,22.83,22.90,488
0056,20140108,22.92,23.04,22.92,23.04,982
0056,20140109,23.04,23.07,22.99,23.00,838
0056,20140110,23.00,23.05,23.00,23.01,711
0056,20140113,23.15,23.21,23.05,23.08,1516
0056,20140114,23.10,23.14,23.04,23.09,638
0056,20140115,23.10,23.32,23.10,23.30,2157
0056,20140116,23.33,23.48,23.33,23.36,1763
0056,20140117,23.38,23.40,23.26,23.33,657
0056,20140120,23.33,23.63,23.33,23.60,2353
0056,20140121,23.60,23.68,23.57,23.57,1279
0056,20140122,23.57,23.66,23.55,23.59,767
0056,20140123,23.59,23.65,23.50,23.54,856
0056,20140124,23.54,23.54,23.29,23.31,1017
0056,20140127,23.20,23.20,22.90,23.07,2056
0056,20140205,22.70,22.80,22.44,22.58,7386
0056,20140206,22.60,22.68,22.50,22.63,3469
0056,20140207,22.66,22.85,22.63,22.81,1610
0056,20140210,22.85,22.92,22.85,22.90,752
0056,20140211,22.90,23.00,22.90,22.96,461
0056,20140212,23.02,23.10,23.02,23.09,571
0056,20140213,23.10,23.10,23.00,23.01,327
0056,20140214,23.10,23.20,23.06,23.07,1097
0056,20140217,23.10,23.15,23.07,23.08,534
0056,20140218,23.08,23.15,23.04,23.14,591
0056,20140219,23.14,23.16,23.10,23.11,536
0056,20140220,23.11,23.11,22.96,22.97,879
0056,20140221,23.15,23.15,23.05,23.12,657
0056,20140224,23.12,23.17,23.00,23.05,550
0056,20140225,23.10,23.15,23.06,23.07,510
0056,20140226,23.07,23.21,23.00,23.12,1148
0056,20140227,23.15,23.20,23.14,23.16,319
0056,20140303,23.14,23.14,23.00,23.05,701
0056,20140304,23.05,23.10,23.00,23.01,379
0056,20140305,23.13,23.17,23.10,23.11,727
0056,20140306,23.11,23.24,23.11,23.21,1316
0056,20140307,23.23,23.40,23.20,23.22,1542
0056,20140310,23.22,23.22,23.08,23.10,413
0056,20140311,23.10,23.20,23.10,23.12,254
0056,20140312,23.12,23.15,23.09,23.11,318
0056,20140313,23.12,23.27,23.12,23.24,1124
0056,20140314,23.21,23.21,23.16,23.17,307
0056,20140317,23.18,23.18,23.13,23.15,406
0056,20140318,23.20,23.33,23.20,23.30,1254
0056,20140319,23.30,23.38,23.20,23.25,359
0056,20140320,23.16,23.16,23.02,23.06,1087
0056,20140321,23.06,23.17,23.05,23.06,319
0056,20140324,23.00,23.24,22.97,23.16,802
0056,20140325,23.16,23.30,23.16,23.30,766
0056,20140326,23.33,23.45,23.33,23.38,1458
0056,20140327,23.40,23.53,23.38,23.51,1412
0056,20140328,23.51,23.66,23.50,23.50,2266
0056,20140331,23.50,23.67,23.50,23.65,1444
0056,20140401,23.65,23.80,23.65,23.78,1698
0056,20140402,23.80,23.96,23.80,23.92,3116
0056,20140403,23.92,23.97,23.86,23.90,924
0056,20140407,23.85,23.85,23.69,23.85,1585
0056,20140408,23.85,23.91,23.80,23.87,878
0056,20140409,23.88,23.97,23.88,23.95,1250
0056,20140410,23.98,24.12,23.90,24.01,2569
0056,20140411,24.00,24.02,23.86,24.00,1478
0056,20140414,23.90,24.03,23.88,23.92,741
0056,20140415,23.83,24.17,23.83,24.16,3163
0056,20140416,24.16,24.32,24.13,24.25,2531
0056,20140417,24.25,24.28,24.18,24.23,1317
0056,20140418,24.33,24.33,24.16,24.18,966
0056,20140421,24.18,24.18,24.06,24.10,659
0056,20140422,24.10,24.18,24.06,24.13,898
0056,20140423,24.14,24.18,24.00,24.03,789
0056,20140424,24.00,24.02,23.96,23.98,641
0056,20140425,23.98,23.99,23.60,23.63,2461
0056,20140428,23.50,23.75,23.30,23.68,1119
0056,20140429,23.70,23.93,23.70,23.90,508
0056,20140430,23.80,23.98,23.78,23.81,626
0056,20140502,23.81,24.05,23.81,24.04,1136
0056,20140505,24.06,24.24,24.06,24.10,1089
0056,20140506,24.10,24.25,24.10,24.22,1099
0056,20140507,24.22,24.25,24.12,24.12,605
0056,20140508,24.12,24.23,24.12,24.19,552
0056,20140509,24.19,24.25,24.11,24.12,323
0056,20140512,24.15,24.15,23.97,23.99,373
0056,20140513,23.99,24.12,23.95,23.98,480
0056,20140514,24.00,24.00,23.86,23.95,330
0056,20140515,23.95,24.05,23.93,24.02,286
0056,20140516,24.02,24.09,23.95,24.09,222
0056,20140519,24.10,24.18,24.09,24.17,425
0056,20140520,24.17,24.26,24.17,24.20,720
0056,20140521,24.20,24.20,24.09,24.09,270
0056,20140522,24.12,24.28,24.12,24.28,845
0056,20140523,24.30,24.43,24.30,24.38,2175
0056,20140526,24.38,24.50,24.38,24.46,1772
0056,20140527,24.46,24.50,24.45,24.47,770
0056,20140528,24.50,24.75,24.50,24.70,1922
0056,20140529,24.70,24.91,24.70,24.88,1262
0056,20140530,24.88,24.94,24.85,24.88,805
0056,20140603,24.96,24.97,24.81,24.83,477
0056,20140604,24.83,24.92,24.80,24.88,735
0056,20140605,24.81,25.00,24.81,24.97,1013
0056,20140606,25.00,25.07,24.97,24.99,947
0056,20140609,25.00,25.16,25.00,25.10,1605
0056,20140610,25.10,25.20,25.05,25.20,1039
0056,20140611,25.20,25.20,25.14,25.18,804
0056,20140612,25.15,25.19,25.05,25.10,996
0056,20140613,25.00,25.15,25.00,25.11,982
0056,20140616,25.10,25.24,25.09,25.15,6318
0056,20140617,25.16,25.25,25.15,25.22,564
0056,20140618,25.22,25.25,25.08,25.23,5859
0056,20140619,25.17,25.26,25.16,25.20,9740
0056,20140620,25.20,25.27,25.14,25.19,10822
0056,20140623,25.19,25.19,24.93,25.00,975
0056,20140624,24.98,25.01,24.91,24.94,561
0056,20140625,24.94,24.98,24.90,24.98,384
0056,20140626,24.99,25.20,24.99,25.08,833
0056,20140627,25.08,25.11,25.05,25.07,407
0056,20140630,25.06,25.22,25.06,25.17,848
0056,20140701,25.17,25.42,25.17,25.39,1713
0056,20140702,25.40,25.55,25.24,25.32,1315
0056,20140703,25.31,25.44,25.30,25.43,794
0056,20140704,25.43,25.59,25.43,25.59,1093
0056,20140707,25.21,25.62,25.21,25.62,843
0056,20140708,25.60,25.79,25.60,25.79,554
0056,20140709,25.77,25.77,25.65,25.72,535
0056,20140710,25.72,25.78,25.72,25.75,573
0056,20140711,25.75,25.75,25.40,25.43,524
0056,20140714,25.40,25.52,25.40,25.52,396
0056,20140715,25.54,25.68,25.54,25.60,353
0056,20140716,25.60,25.67,25.54,25.56,347
0056,20140717,25.55,25.70,25.40,25.47,606
0056,20140718,25.10,25.55,25.10,25.53,525
0056,20140721,25.53,25.67,25.53,25.55,427
0056,20140722,25.55,25.76,25.55,25.76,572
0056,20140724,25.77,25.98,25.77,25.80,593
0056,20140725,25.83,25.83,25.52,25.60,308
0056,20140728,25.60,25.74,25.54,25.68,237
0056,20140729,25.68,25.82,25.50,25.62,537
0056,20140730,25.62,25.72,25.62,25.64,313
0056,20140731,25.64,25.64,25.42,25.45,294
0056,20140801,25.20,25.32,25.17,25.32,688
0056,20140804,25.32,25.65,25.32,25.65,465
0056,20140805,25.65,25.65,25.24,25.27,2081
0056,20140806,25.30,25.34,25.18,25.32,2355
0056,20140807,25.32,25.36,25.25,25.25,383
0056,20140808,25.20,25.25,25.06,25.20,1380
0056,20140811,25.20,25.48,25.20,25.48,568
0056,20140812,25.48,25.50,25.40,25.45,195
0056,20140813,25.45,25.57,25.44,25.57,359
0056,20140814,25.60,25.72,25.52,25.52,889
0056,20140815,25.52,25.56,25.45,25.50,159
0056,20140818,25.50,25.60,25.44,25.55,610
0056,20140819,25.55,25.72,25.55,25.70,511
0056,20140820,25.75,25.80,25.66,25.74,285
0056,20140821,25.74,25.84,25.70,25.83,424
0056,20140822,25.85,26.37,25.85,26.32,1470
0056,20140825,26.32,26.39,26.20,26.27,254
0056,20140826,26.27,26.36,26.24,26.29,205
0056,20140827,26.30,26.50,26.30,26.45,667
0056,20140828,26.45,26.54,26.39,26.40,2302
0056,20140829,26.40,26.52,26.40,26.52,508
0056,20140901,26.52,26.67,26.52,26.60,510
0056,20140902,26.60,26.60,26.26,26.31,448
0056,20140903,26.31,26.40,26.30,26.36,585
0056,20140904,26.35,26.36,26.23,26.30,1117
0056,20140905,26.30,26.30,26.10,26.15,1812
0056,20140909,26.15,26.21,26.15,26.20,449
0056,20140910,26.20,26.20,25.95,26.01,1462
0056,20140911,26.01,26.09,26.00,26.03,1232
0056,20140912,26.01,26.01,25.71,25.72,3551
0056,20140915,25.72,25.80,25.61,25.71,947
0056,20140916,25.71,25.71,25.50,25.52,2033
0056,20140917,25.52,25.75,25.52,25.63,1989
0056,20140918,25.68,25.72,25.62,25.70,1514
0056,20140919,25.77,25.79,25.56,25.64,1123
0056,20140922,25.64,25.64,25.16,25.30,2454
0056,20140923,25.30,25.30,25.08,25.12,4063
0056,20140924,25.12,25.25,25.10,25.25,947
0056,20140925,25.25,25.31,24.77,24.85,3699
0056,20140926,24.75,24.80,24.61,24.75,1160
0056,20140929,24.76,24.81,24.64,24.72,1389
0056,20140930,24.72,24.72,24.26,24.58,3403
0056,20141001,24.59,24.69,24.50,24.65,836
0056,20141002,24.65,24.73,24.38,24.72,521
0056,20141003,24.72,24.93,24.70,24.91,916
0056,20141006,25.00,25.00,24.88,24.95,411
0056,20141007,24.95,24.95,24.71,24.77,692
0056,20141008,24.68,24.80,24.65,24.70,337
0056,20141009,24.72,24.89,24.50,24.55,1974
0056,20141013,24.53,24.53,23.74,23.82,3922
0056,20141014,23.83,23.91,23.68,23.83,2631
0056,20141015,23.89,23.89,23.61,23.67,4200
0056,20141016,23.69,23.70,23.15,23.61,5239
0056,20141017,23.70,23.75,23.34,23.53,3591
0056,20141020,23.78,23.97,23.74,23.97,1852
0056,20141021,24.10,24.11,23.76,23.88,2654
0056,20141022,24.10,24.10,23.96,24.00,2210
0056,20141023,24.00,24.00,23.86,23.96,3597
0056,20141024,22.93,22.98,22.72,22.75,6285
0056,20141027,22.80,22.85,22.63,22.68,2415
0056,20141028,22.73,23.00,22.73,23.00,1174
0056,20141029,23.10,23.34,23.10,23.30,1258
0056,20141030,23.36,23.38,23.17,23.34,541
0056,20141031,23.36,23.46,23.30,23.43,975
0056,20141103,23.45,23.64,23.45,23.58,966
0056,20141104,23.58,23.65,23.55,23.59,424
0056,20141105,23.60,23.60,23.36,23.46,1399
0056,20141106,23.46,23.46,23.22,23.24,910
0056,20141107,23.30,23.33,23.20,23.30,490
0056,20141110,23.30,23.53,23.30,23.51,786
0056,20141111,23.51,23.55,23.47,23.54,611
0056,20141112,23.54,23.54,23.16,23.22,1457
0056,20141113,23.22,23.25,23.08,23.15,1337
0056,20141114,23.20,23.20,23.06,23.16,689
0056,20141117,23.22,23.26,23.01,23.06,1576
0056,20141118,23.06,23.14,22.88,22.94,2431
0056,20141119,23.00,23.13,23.00,23.08,405
0056,20141120,23.16,23.27,23.14,23.25,678
0056,20141121,23.25,23.32,23.24,23.28,494
0056,20141124,23.36,23.38,23.30,23.31,565
0056,20141125,23.32,23.32,23.22,23.30,606
0056,20141126,23.30,23.37,23.30,23.36,1123
0056,20141127,23.36,23.50,23.36,23.47,1276
0056,20141128,23.48,23.50,23.45,23.47,719
0056,20141201,23.43,23.50,23.15,23.40,1060
0056,20141202,23.35,23.45,23.34,23.41,767
0056,20141203,23.44,23.78,23.44,23.77,1334
0056,20141204,23.80,23.92,23.76,23.88,2330
0056,20141205,23.89,24.04,23.88,24.00,1901
0056,20141208,24.00,24.10,23.95,23.96,860
0056,20141209,23.92,24.00,23.87,23.92,670
0056,20141210,23.85,23.91,23.78,23.80,819
0056,20141211,23.78,23.79,23.60,23.77,473
0056,20141212,23.77,23.85,23.75,23.81,253
0056,20141215,23.81,23.81,23.61,23.70,677
0056,20141216,23.70,23.80,23.70,23.73,416
0056,20141217,23.72,23.72,23.40,23.50,1264
0056,20141218,23.52,23.65,23.45,23.45,686
0056,20141219,23.65,23.70,23.55,23.61,329
0056,20141222,23.63,23.76,23.63,23.72,238
0056,20141223,23.80,23.85,23.78,23.82,520
0056,20141224,23.90,23.92,23.85,23.90,757
0056,20141225,23.90,23.95,23.86,23.89,252
0056,20141226,23.89,24.00,23.89,23.92,457
0056,20141227,23.94,23.95,23.90,23.92,273
0056,20141229,23.95,24.19,23.95,24.14,2161
0056,20141230,24.14,24.25,24.12,24.18,1382
0056,20141231,24.18,24.19,24.13,24.16,405
0056,20150105,24.16,24.16,24.01,24.15,508
0056,20150106,24.08,24.08,23.86,23.89,908
0056,20150107,23.85,23.95,23.83,23.91,336
0056,20150108,23.96,24.17,23.96,24.12,760
0056,20150109,24.15,24.25,24.15,24.16,375
0056,20150112,24.16,24.17,24.05,24.15,364
0056,20150113,24.15,24.30,24.13,24.30,1121
0056,20150114,24.30,24.34,24.23,24.32,840
0056,20150115,24.32,24.33,24.20,24.26,312
0056,20150116,24.20,24.25,23.99,24.09,644
0056,20150119,24.22,24.34,24.09,24.15,513
0056,20150120,24.10,24.28,24.10,24.23,1083
0056,20150121,24.23,24.33,24.23,24.30,1160
0056,20150122,24.34,24.64,24.34,24.63,2199
0056,20150123,24.73,24.87,24.72,24.77,1763
0056,20150126,24.75,24.80,24.71,24.77,893
0056,20150127,24.86,24.89,24.75,24.83,730
0056,20150128,24.76,24.94,24.75,24.91,2074
0056,20150129,24.90,24.90,24.68,24.72,596
0056,20150130,24.82,24.82,24.64,24.65,322
0056,20150202,24.65,24.66,24.55,24.57,411
0056,20150203,24.68,24.75,24.60,24.70,367
0056,20150204,24.77,24.90,24.77,24.83,816
0056,20150205,24.83,24.83,24.78,24.81,426
0056,20150206,24.81,24.82,24.73,24.74,292
0056,20150209,24.70,24.76,24.70,24.72,307
0056,20150210,24.70,24.72,24.58,24.63,381
0056,20150211,24.65,24.78,24.65,24.70,384
0056,20150212,24.70,24.73,24.64,24.65,489
0056,20150213,24.65,24.92,24.65,24.80,1488
0056,20150224,24.93,25.10,24.93,25.06,1464
0056,20150225,25.06,25.25,25.06,25.16,1247
0056,20150226,25.20,25.20,25.02,25.14,909
0056,20150302,25.20,25.24,25.14,25.21,702
0056,20150303,25.21,25.25,25.14,25.19,591
0056,20150304,25.16,25.26,25.14,25.19,566
0056,20150305,25.19,25.22,25.08,25.18,274
0056,20150306,25.18,25.26,25.14,25.25,533
0056,20150309,25.25,25.25,25.09,25.20,1696
0056,20150310,25.20,25.22,25.07,25.07,560
0056,20150311,25.00,25.00,24.89,24.94,1334
0056,20150312,24.94,25.07,24.90,25.07,457
0056,20150313,25.07,25.15,25.06,25.06,409
0056,20150316,25.08,25.10,24.98,25.00,403
0056,20150317,25.00,25.12,24.99,25.00,693
0056,20150318,24.95,25.10,24.95,25.04,336
0056,20150319,25.06,25.26,25.06,25.22,1487
0056,20150320,25.22,25.22,25.15,25.20,198
0056,20150323,25.20,25.21,25.14,25.15,164
0056,20150324,25.15,25.15,25.06,25.11,240
0056,20150325,25.11,25.15,24.99,25.01,483
0056,20150326,24.88,24.98,24.84,24.90,641
0056,20150327,24.90,24.99,24.79,24.84,718
0056,20150330,24.84,24.90,24.76,24.87,663
0056,20150331,24.95,24.95,24.84,24.85,615
0056,20150401,24.85,24.85,24.73,24.78,870
0056,20150402,24.78,24.90,24.77,24.85,206
0056,20150407,24.85,24.90,24.85,24.89,199
0056,20150408,24.90,24.95,24.77,24.90,527
0056,20150409,24.83,24.90,24.83,24.86,263
0056,20150410,24.90,24.90,24.82,24.86,279
0056,20150413,24.90,24.90,24.80,24.86,339
0056,20150414,24.88,24.90,24.85,24.88,151
0056,20150415,24.88,24.90,24.70,24.85,992
0056,20150416,24.85,24.85,24.80,24.83,273
0056,20150417,24.80,24.80,24.69,24.71,549
0056,20150420,24.71,24.72,24.44,24.45,1595
0056,20150421,24.45,24.56,24.35,24.40,1056
0056,20150422,24.41,24.69,24.41,24.60,321
0056,20150423,24.60,25.03,24.60,25.03,1488
0056,20150424,25.03,25.23,25.03,25.10,1304
0056,20150427,24.93,25.40,24.93,25.30,2020
0056,20150428,25.30,25.37,25.17,25.20,740
0056,20150429,25.20,25.25,25.06,25.08,430
0056,20150430,25.08,25.08,24.99,25.04,468
0056,20150504,25.04,25.08,25.00,25.05,270
0056,20150505,25.15,25.15,25.00,25.01,183
0056,20150506,25.01,25.11,25.00,25.08,369
0056,20150507,25.15,25.15,24.90,24.90,580
0056,20150508,24.90,24.96,24.87,24.89,377
0056,20150511,24.95,25.00,24.62,24.71,823
0056,20150512,24.84,24.84,24.47,24.69,1274
0056,20150513,24.68,24.84,24.68,24.80,221
0056,20150514,24.79,24.80,24.57,24.64,862
0056,20150515,24.57,24.70,24.54,24.55,928
0056,20150518,24.60,24.64,24.51,24.64,269
0056,20150519,24.65,24.81,24.60,24.80,550
0056,20150520,24.80,24.83,24.66,24.80,359
0056,20150521,24.79,24.79,24.35,24.51,2013
0056,20150522,24.51,24.59,24.51,24.54,228
0056,20150525,24.55,24.58,24.45,24.51,396
0056,20150526,24.52,24.64,24.52,24.64,124
0056,20150527,24.64,24.70,24.61,24.69,150
0056,20150528,24.75,24.80,24.74,24.77,269
0056,20150529,24.75,24.81,24.72,24.72,266
0056,20150601,24.80,24.80,24.56,24.68,311
0056,20150602,24.68,24.69,24.60,24.65,202
0056,20150603,24.65,24.65,24.50,24.50,499
0056,20150604,24.50,24.55,24.00,24.06,2904
0056,20150605,24.06,24.14,23.74,24.00,2982
0056,20150608,24.00,24.14,23.80,24.08,959
0056,20150609,24.08,24.08,23.37,23.51,4528
0056,20150610,23.55,23.70,23.51,23.56,1707
0056,20150611,23.60,23.65,23.36,23.45,2342
0056,20150612,23.52,23.53,23.31,23.35,1403
0056,20150615,23.45,23.53,23.34,23.45,978
0056,20150616,23.45,23.53,23.25,23.29,2277
0056,20150617,23.32,23.42,23.25,23.36,1101
0056,20150618,23.38,23.51,23.35,23.51,530
0056,20150622,23.56,24.00,23.56,23.81,1602
0056,20150623,23.95,23.95,23.85,23.89,426
0056,20150624,23.89,23.90,23.79,23.89,538
0056,20150625,23.89,23.99,23.89,23.95,320
0056,20150626,23.95,24.23,23.95,23.95,360
0056,20150629,23.95,23.95,23.60,23.76,1101
0056,20150630,23.74,23.74,23.54,23.70,715
0056,20150701,23.70,23.89,23.70,23.84,305
0056,20150702,23.84,23.90,23.80,23.85,123
0056,20150703,23.85,23.85,23.61,23.82,525
0056,20150706,23.86,23.86,23.65,23.69,418
0056,20150707,23.70,23.79,23.64,23.71,350
0056,20150708,23.71,23.71,22.82,23.22,7222
0056,20150709,23.16,23.16,22.39,22.84,7181
0056,20150713,23.01,23.10,22.85,23.03,2625
0056,20150714,23.19,23.19,23.08,23.12,746
0056,20150715,23.13,23.19,22.97,23.00,1491
0056,20150716,23.03,23.10,23.01,23.05,493
0056,20150717,23.12,23.12,22.80,23.05,1366
0056,20150720,23.06,23.10,22.70,22.96,2740
0056,20150721,23.00,23.00,22.70,22.88,2152
0056,20150722,22.88,22.88,22.47,22.57,5238
0056,20150723,22.62,22.62,22.24,22.50,5865
0056,20150724,22.50,22.50,22.13,22.30,6383
0056,20150727,22.30,22.30,21.61,21.85,12887
0056,20150728,21.85,21.85,21.49,21.77,6550
0056,20150729,21.79,21.99,21.63,21.98,2008
0056,20150730,22.00,22.04,21.70,21.96,3920
0056,20150731,22.00,22.00,21.83,21.95,1446
0056,20150803,21.98,21.98,21.58,21.79,3044
0056,20150804,21.81,21.84,21.52,21.63,5017
0056,20150805,21.65,21.72,21.53,21.72,2266
0056,20150806,21.78,21.79,21.28,21.34,8162
0056,20150807,21.34,21.34,21.04,21.25,3387
0056,20150810,21.30,21.48,21.13,21.48,2228
0056,20150811,21.56,21.65,21.26,21.37,3293
0056,20150812,21.35,21.35,21.14,21.25,3440
0056,20150813,21.25,21.43,21.20,21.43,835
0056,20150814,21.52,21.52,21.22,21.25,2948
0056,20150817,21.33,21.33,21.10,21.12,4815
0056,20150818,21.20,21.20,20.91,20.93,5833
0056,20150819,20.95,20.95,20.26,20.31,10880
0056,20150820,20.31,20.52,20.12,20.47,3468
0056,20150821,20.27,20.27,19.91,20.02,8876
0056,20150824,20.00,20.00,18.76,19.95,15841
0056,20150825,19.70,19.70,19.10,19.50,12037
0056,20150826,19.60,19.68,19.24,19.68,3967
0056,20150827,19.90,20.15,19.80,20.15,4487
0056,20150828,20.36,20.60,20.36,20.60,3799
0056,20150831,20.80,20.80,20.51,20.78,2614
0056,20150901,20.77,20.77,20.61,20.75,1557
0056,20150902,20.59,20.70,20.38,20.70,1826
0056,20150903,20.70,20.81,20.57,20.81,1405
0056,20150904,20.81,20.94,20.73,20.73,1479
0056,20150907,20.72,20.79,20.63,20.77,1353
0056,20150908,20.76,20.86,20.76,20.85,1103
0056,20150909,21.00,21.33,20.99,21.30,3163
0056,20150910,21.29,21.45,21.20,21.45,2406
0056,20150911,21.45,21.69,21.44,21.65,2399
0056,20150914,21.77,21.85,21.65,21.69,2949
0056,20150915,21.69,21.79,21.63,21.67,1623
0056,20150916,21.70,21.82,21.70,21.70,1423
0056,20150917,21.80,22.06,21.80,22.00,3821
0056,20150918,22.00,22.14,21.99,22.13,1949
0056,20150921,22.00,22.00,21.71,21.74,2567
0056,20150922,21.76,21.88,21.76,21.82,1046
0056,20150923,21.70,21.70,21.40,21.41,3383
0056,20150924,21.41,21.54,21.00,21.12,3859
0056,20150925,21.00,21.14,20.89,21.12,1979
0056,20150930,21.00,21.04,20.85,21.04,3401
0056,20151001,21.08,21.33,21.08,21.33,1151
0056,20151002,21.33,21.39,21.25,21.36,1029
0056,20151005,21.50,21.59,21.49,21.58,1227
0056,20151006,21.68,21.90,21.68,21.88,2317
0056,20151007,21.89,21.90,21.70,21.89,1319
0056,20151008,21.90,21.99,21.77,21.82,1672
0056,20151012,21.95,22.01,21.90,21.97,1925
0056,20151013,22.00,22.08,21.97,22.05,3639
0056,20151014,22.05,22.19,22.05,22.15,2422
0056,20151015,22.17,22.43,22.17,22.33,4475
0056,20151016,22.42,22.47,22.30,22.40,5604
0056,20151019,22.40,22.56,22.40,22.50,2674
0056,20151020,22.51,22.60,22.50,22.58,3214
0056,20151021,22.58,22.62,22.47,22.47,2515
0056,20151022,22.45,22.57,22.45,22.50,3273
0056,20151023,22.56,22.82,22.56,22.65,5189
0056,20151026,21.95,21.99,21.89,21.93,6110
0056,20151027,22.00,22.00,21.93,21.95,1441
0056,20151028,21.95,21.99,21.91,21.95,1252
0056,20151029,22.00,22.00,21.70,21.72,2773
0056,20151030,21.72,21.72,21.08,21.66,2495
0056,20151102,21.66,21.67,21.46,21.66,1189
0056,20151103,21.70,21.89,21.70,21.89,1418
0056,20151104,21.92,22.20,21.92,22.09,2331
0056,20151105,22.10,22.21,22.09,22.16,1542
0056,20151106,22.16,22.16,21.93,21.97,1508
0056,20151109,21.97,21.97,21.64,21.68,2262
0056,20151110,21.66,21.66,21.40,21.55,2638
0056,20151111,21.55,21.55,21.12,21.13,5345
0056,20151112,21.13,21.20,20.91,21.08,4810
0056,20151113,21.07,21.12,20.85,20.88,5245
0056,20151116,20.72,20.85,20.62,20.83,3022
0056,20151117,20.98,21.23,20.98,21.23,1035
0056,20151118,21.40,21.40,21.08,21.12,1614
0056,20151119,21.29,21.29,21.10,21.22,795
0056,20151120,21.22,21.28,21.18,21.24,619
0056,20151123,21.31,21.31,21.20,21.26,483
0056,20151124,21.26,21.38,21.21,21.25,857
0056,20151125,21.26,21.34,21.16,21.18,700
0056,20151126,21.20,21.46,21.20,21.35,930
0056,20151127,21.40,21.45,21.35,21.36,692
0056,20151130,21.30,21.30,21.04,21.21,1241
0056,20151201,21.25,21.50,21.24,21.47,1205
0056,20151202,21.55,21.70,21.55,21.66,2264
0056,20151203,21.65,21.69,21.56,21.67,1067
0056,20151204,21.60,21.71,21.45,21.66,1322
0056,20151207,21.82,22.02,21.80,21.84,3155
0056,20151208,21.82,21.83,21.65,21.68,891
0056,20151209,21.67,21.67,21.43,21.48,1304
0056,20151210,21.47,21.48,21.20,21.37,1363
0056,20151211,21.47,21.50,21.14,21.33,1463
0056,20151214,21.10,21.20,20.90,21.14,2614
0056,20151215,21.14,21.32,21.14,21.29,716
0056,20151216,21.38,21.57,21.38,21.50,1457
0056,20151217,21.60,21.86,21.60,21.79,2606
0056,20151218,21.80,22.17,21.70,21.95,4537
0056,20151221,21.84,22.04,21.81,22.03,2087
0056,20151222,22.08,22.09,21.90,21.95,754
0056,20151223,22.00,22.19,22.00,22.01,2575
0056,20151224,22.10,22.19,21.98,21.98,1194
0056,20151225,21.93,22.00,21.88,22.00,891
0056,20151228,22.01,22.11,22.00,22.01,782
0056,20151229,22.01,22.01,21.92,21.95,656
0056,20151230,22.13,22.17,21.81,21.84,906
0056,20151231,21.84,21.86,21.76,21.85,726
0056,20160104,21.85,21.90,21.36,21.48,3859
0056,20160105,21.40,21.52,21.32,21.43,2399
0056,20160106,21.45,21.59,21.03,21.10,6187
0056,20160107,21.10,21.29,20.75,21.29,8950
0056,20160108,21.10,21.10,20.77,21.03,5753
0056,20160111,21.00,21.00,20.47,20.62,7066
0056,20160112,20.65,20.82,20.65,20.70,2482
0056,20160113,20.80,20.92,20.60,20.73,2852
0056,20160114,20.62,20.63,20.28,20.60,6619
0056,20160115,20.78,20.80,20.40,20.60,8009
0056,20160118,20.40,20.80,20.14,20.77,4207
0056,20160119,20.77,20.77,20.60,20.74,1886
0056,20160120,20.69,20.70,20.49,20.59,2808
0056,20160121,20.59,20.63,20.36,20.41,3708
0056,20160122,20.55,20.63,20.34,20.50,3445
0056,20160125,20.69,20.79,20.56,20.77,1989
0056,20160126,20.77,20.77,20.63,20.76,911
0056,20160127,20.84,20.86,20.79,20.81,949
0056,20160128,20.81,21.01,20.81,21.01,1553
0056,20160129,21.01,21.44,21.00,21.34,3210
0056,20160130,21.41,21.55,21.40,21.55,2561
0056,20160201,21.56,21.62,21.41,21.58,2124
0056,20160202,21.57,21.80,21.55,21.72,4284
0056,20160203,21.70,21.70,21.50,21.62,2118
0056,20160215,21.50,21.62,21.40,21.60,2444
0056,20160216,21.62,21.80,21.62,21.76,2532
0056,20160217,21.80,22.00,21.80,21.84,4152
0056,20160218,21.92,22.17,21.92,22.11,5924
0056,20160219,22.14,22.30,22.11,22.24,3310
0056,20160222,22.24,22.38,22.09,22.17,2639
0056,20160223,22.18,22.26,22.17,22.22,1499
0056,20160224,22.22,22.30,22.15,22.15,1465
0056,20160225,22.15,22.33,22.15,22.24,1808
0056,20160226,22.25,22.49,22.22,22.49,3679
0056,20160301,22.49,22.67,22.49,22.63,2615
0056,20160302,22.71,22.93,22.67,22.68,3293
0056,20160303,22.71,22.90,22.69,22.80,2673
0056,20160304,22.80,22.88,22.72,22.77,1756
0056,20160307,22.77,22.98,22.77,22.78,2517
0056,20160308,22.78,22.79,22.48,22.59,2877
0056,20160309,22.59,22.63,22.49,22.59,1605
0056,20160310,22.59,22.79,22.59,22.72,1667
0056,20160311,22.72,22.78,22.71,22.75,1717
0056,20160314,22.80,22.92,22.80,22.82,1861
0056,20160315,22.82,22.85,22.45,22.46,1713
0056,20160316,22.46,22.60,22.46,22.55,987
0056,20160317,22.65,22.79,22.60,22.61,1174
0056,20160318,22.62,22.82,22.62,22.71,2047
0056,20160321,22.75,22.80,22.69,22.79,1186
0056,20160322,22.79,22.80,22.54,22.69,1019
0056,20160323,22.69,22.70,22.50,22.55,1154
0056,20160324,22.55,22.55,22.30,22.43,1461
0056,20160325,22.43,22.50,22.40,22.40,711
0056,20160328,22.40,22.46,22.36,22.41,730
0056,20160329,22.38,22.42,22.14,22.19,2653
0056,20160330,22.15,22.40,22.15,22.40,898
0056,20160331,22.49,22.51,22.40,22.43,964
0056,20160401,22.43,22.43,22.21,22.28,1279
0056,20160406,22.28,22.28,22.00,22.08,2758
0056,20160407,22.08,22.09,21.85,22.03,2865
0056,20160408,22.00,22.00,21.90,21.95,1226
0056,20160411,21.95,22.01,21.86,21.97,2052
0056,20160412,22.00,22.05,21.98,22.02,971
0056,20160413,22.02,22.13,22.02,22.13,610
0056,20160414,22.22,22.28,22.18,22.21,1284
0056,20160415,22.22,22.29,22.21,22.26,513
0056,20160418,22.25,22.26,22.20,22.23,425
0056,20160419,22.27,22.30,22.19,22.23,478
0056,20160420,22.23,22.25,21.85,21.93,3516
0056,20160421,21.93,21.95,21.80,21.86,2411
0056,20160422,21.86,21.89,21.75,21.79,2723
0056,20160425,21.80,21.93,21.76,21.92,539
0056,20160426,21.92,22.05,21.92,22.00,431
0056,20160427,22.00,22.01,21.95,21.96,652
0056,20160428,21.96,22.00,21.75,21.80,2297
0056,20160429,21.80,21.80,21.50,21.60,4983
0056,20160503,21.60,21.61,21.29,21.35,6413
0056,20160504,21.35,21.35,20.90,21.00,13444
0056,20160505,21.05,21.09,20.78,20.93,8644
0056,20160506,21.05,21.05,20.70,20.75,11125
0056,20160509,20.96,20.96,20.69,20.85,4946
0056,20160510,20.84,20.90,20.63,20.90,5657
0056,20160511,21.00,21.00,20.80,20.90,3941
0056,20160512,20.87,20.92,20.78,20.80,4152
0056,20160513,20.80,20.80,20.50,20.69,14628
0056,20160516,20.69,20.84,20.59,20.84,2382
0056,20160517,20.88,20.92,20.74,20.91,2563
0056,20160518,20.87,20.93,20.73,20.93,2173
0056,20160519,20.92,20.92,20.73,20.81,3259
0056,20160520,20.82,20.88,20.69,20.88,2035
0056,20160523,20.92,21.31,20.79,21.31,4724
0056,20160524,21.31,21.35,21.22,21.30,1448
0056,20160525,21.41,21.52,21.38,21.41,2796
0056,20160526,21.43,21.51,21.41,21.49,2311
0056,20160527,21.63,21.70,21.62,21.68,3562
0056,20160530,21.70,21.95,21.68,21.92,4023
0056,20160531,21.92,21.95,21.78,21.95,2794
0056,20160601,21.93,22.09,21.92,22.05,4323
0056,20160602,22.07,22.22,21.97,22.05,4981
0056,20160603,22.07,22.13,22.00,22.03,2729
0056,20160604,22.06,22.09,22.00,22.05,1852
0056,20160606,22.06,22.15,21.93,21.98,2688
0056,20160607,22.03,22.30,22.03,22.29,6829
0056,20160608,22.32,22.45,22.32,22.36,3863
0056,20160613,22.31,22.31,22.04,22.06,4617
0056,20160614,22.00,22.30,22.00,22.28,4045
0056,20160615,22.20,22.32,22.11,22.27,1905
0056,20160616,22.25,22.30,22.06,22.08,1348
0056,20160617,22.13,22.34,22.13,22.18,3056
0056,20160620,22.25,22.47,22.25,22.44,4110
0056,20160621,22.44,22.59,22.41,22.58,4473
0056,20160622,22.60,22.60,22.50,22.58,2290
0056,20160623,22.58,22.60,22.48,22.50,846
0056,20160624,22.57,22.60,21.84,21.99,4375
0056,20160627,21.86,22.15,21.86,22.14,2004
0056,20160628,22.13,22.30,22.00,22.29,1183
0056,20160629,22.36,22.58,22.35,22.50,2644
0056,20160630,22.58,22.61,22.49,22.60,3151
0056,20160701,22.73,22.83,22.70,22.80,6936
0056,20160704,22.81,23.00,22.78,22.99,7342
0056,20160705,22.99,22.99,22.83,22.94,1985
0056,20160706,22.83,22.83,22.64,22.66,1661
0056,20160707,22.68,22.88,22.68,22.86,1546
0056,20160711,23.12,23.44,23.12,23.42,9737
0056,20160712,23.41,23.58,23.37,23.43,5162
0056,20160713,23.59,23.81,23.52,23.79,8308
0056,20160714,23.79,23.86,23.69,23.80,3900
0056,20160715,23.82,23.99,23.82,23.94,7972
0056,20160718,24.00,24.20,24.00,24.13,18605
0056,20160719,24.17,24.22,24.05,24.20,6190
0056,20160720,24.08,24.20,24.02,24.05,5226
0056,20160721,24.00,24.37,24.00,24.26,5974
0056,20160722,24.20,24.35,24.14,24.24,3625
0056,20160725,24.30,24.46,24.02,24.17,3716
0056,20160726,24.15,24.23,24.05,24.19,5272
0056,20160727,24.23,24.44,24.23,24.33,3472
0056,20160728,24.34,24.44,24.29,24.42,2989
0056,20160729,24.44,24.45,24.33,24.37,1458
0056,20160801,24.31,24.57,24.31,24.55,5351
0056,20160802,24.50,24.62,24.48,24.61,3983
0056,20160803,24.48,24.54,24.32,24.49,2058
0056,20160804,24.50,24.50,24.44,24.47,1993
0056,20160805,24.47,24.63,24.43,24.58,3230
0056,20160808,24.63,24.68,24.58,24.67,2522
0056,20160809,24.62,24.75,24.62,24.68,1638
0056,20160810,24.66,24.71,24.55,24.67,2124
0056,20160811,24.61,24.70,24.40,24.48,3305
0056,20160812,24.48,24.67,24.48,24.56,2631
0056,20160815,24.56,24.66,24.50,24.59,2854
0056,20160816,24.59,24.70,24.53,24.64,3679
0056,20160817,24.60,24.61,24.50,24.58,3557
0056,20160818,24.55,24.76,24.55,24.72,2712
0056,20160819,24.72,24.94,24.64,24.65,2023
0056,20160822,24.51,24.62,24.27,24.30,1516
0056,20160823,24.22,24.50,24.22,24.41,1303
0056,20160824,24.35,24.48,24.35,24.40,938
0056,20160825,24.40,24.78,24.40,24.66,1936
0056,20160826,24.61,24.77,24.61,24.70,1131
0056,20160829,24.70,24.70,24.50,24.60,785
0056,20160830,24.60,24.77,24.60,24.74,1599
0056,20160831,24.74,24.75,24.58,24.65,1293
0056,20160901,24.65,24.65,24.33,24.39,1288
0056,20160902,24.39,24.48,24.26,24.40,1423
0056,20160905,24.40,24.66,24.40,24.65,1431
0056,20160906,24.66,24.90,24.65,24.86,3180
0056,20160907,24.90,25.04,24.90,25.00,4476
0056,20160908,25.00,25.11,24.96,25.08,3129
0056,20160909,25.00,25.00,24.89,24.95,828
0056,20160910,24.51,24.68,24.51,24.63,1461
0056,20160912,24.60,24.60,24.50,24.55,1330
0056,20160913,24.57,24.70,24.32,24.37,6564
0056,20160914,24.37,24.45,24.25,24.35,1570
0056,20160919,24.35,24.79,24.35,24.77,1422
0056,20160920,24.77,24.84,24.69,24.80,1024
0056,20160921,24.80,24.97,24.79,24.95,913
0056,20160922,24.96,25.12,24.96,25.01,3692
0056,20160923,25.00,25.05,24.98,25.02,1988
0056,20160926,25.00,25.00,24.85,24.85,399
0056,20160929,25.00,25.11,24.95,25.10,2478
0056,20160930,25.00,25.10,24.90,25.10,2270
0056,20161003,25.10,25.10,24.99,25.05,724
0056,20161004,25.00,25.07,25.00,25.07,716
0056,20161005,25.06,25.10,25.00,25.10,1389
0056,20161006,25.10,25.11,25.04,25.10,1849
0056,20161007,25.10,25.11,25.05,25.06,3161
0056,20161011,25.06,25.11,24.71,24.88,5141
0056,20161012,24.80,24.99,24.76,24.97,2461
0056,20161013,24.99,25.01,24.85,24.87,3975
0056,20161014,24.87,24.89,24.66,24.66,4020
0056,20161017,24.67,24.75,24.41,24.69,2521
0056,20161018,24.74,24.82,24.69,24.81,1981
0056,20161019,24.89,24.96,24.87,24.95,4647
0056,20161020,25.00,25.01,24.92,25.01,4761
0056,20161021,25.01,25.01,24.90,25.00,3247
0056,20161024,25.00,25.09,24.99,25.09,3975
0056,20161025,25.11,25.35,25.10,25.35,6661
0056,20161026,23.96,23.96,23.78,23.79,8440
0056,20161027,23.79,23.84,23.67,23.75,2283
0056,20161028,23.75,23.78,23.70,23.75,865
0056,20161031,23.75,23.80,23.52,23.80,1337
0056,20161101,23.80,23.80,23.65,23.70,1331
0056,20161102,23.67,23.67,23.26,23.28,4400
0056,20161103,23.28,23.30,23.04,23.09,2651
0056,20161104,23.09,23.10,22.98,23.06,2657
0056,20161107,23.10,23.29,23.10,23.27,1144
0056,20161108,23.39,23.40,23.27,23.40,1059
0056,20161109,23.45,23.53,22.60,22.72,16421
0056,20161110,23.19,23.26,23.00,23.26,3609
0056,20161111,23.30,23.30,22.61,22.70,14758
0056,20161114,22.71,22.89,22.50,22.89,9696
0056,20161115,22.70,22.81,22.65,22.74,2966
0056,20161116,22.80,22.85,22.76,22.78,1559
0056,20161117,22.84,22.84,22.56,22.65,3094
0056,20161118,22.70,22.85,22.60,22.85,1581
0056,20161121,22.85,22.94,22.81,22.94,1997
0056,20161122,23.05,23.28,23.00,23.19,3522
0056,20161123,23.25,23.26,23.19,23.20,1204
0056,20161124,23.20,23.21,23.08,23.17,1330
0056,20161125,23.17,23.28,23.12,23.23,746
0056,20161128,23.23,23.34,23.23,23.29,1207
0056,20161129,23.30,23.32,23.24,23.25,1023
0056,20161130,23.30,23.30,23.22,23.26,592
0056,20161201,23.27,23.37,23.27,23.32,735
0056,20161202,23.30,23.30,23.11,23.13,2282
0056,20161205,23.14,23.14,22.95,22.98,1650
0056,20161206,23.06,23.17,23.06,23.14,501
0056,20161207,23.18,23.23,23.18,23.20,444
0056,20161208,23.30,23.34,23.27,23.33,1486
0056,20161209,23.35,23.47,23.34,23.43,1410
0056,20161212,23.47,23.48,23.22,23.27,1228
0056,20161213,23.27,23.30,23.22,23.28,1499
0056,20161214,23.29,23.35,23.28,23.30,821
0056,20161215,23.25,23.30,23.23,23.30,593
0056,20161216,23.30,23.38,23.27,23.31,1100
0056,20161219,23.26,23.30,23.04,23.07,2212
0056,20161220,23.10,23.10,22.97,23.10,1925
0056,20161221,23.10,23.10,22.99,23.03,1580
0056,20161222,23.03,23.03,22.90,23.00,2994
0056,20161223,22.98,22.98,22.79,22.85,4813
0056,20161226,22.89,22.90,22.79,22.90,2281
0056,20161227,22.90,22.94,22.85,22.86,1433
0056,20161228,22.96,23.00,22.88,23.00,1216
0056,20161229,22.99,23.03,22.92,22.99,963
0056,20161230,23.01,23.09,23.00,23.07,1290
0056,20170103,23.12,23.13,23.07,23.12,1141
0056,20170104,23.12,23.21,23.12,23.20,913
0056,20170105,23.25,23.28,23.21,23.28,1072
0056,20170106,23.28,23.37,23.28,23.34,1444
0056,20170109,23.37,23.41,23.27,23.30,1087
0056,20170110,23.30,23.41,23.29,23.41,1281
0056,20170111,23.45,23.52,23.42,23.50,2464
0056,20170112,23.51,23.59,23.50,23.58,2757
0056,20170113,23.51,23.58,23.50,23.56,852
0056,20170116,23.55,23.55,23.35,23.44,895
0056,20170117,23.37,23.49,23.37,23.44,712
0056,20170118,23.48,23.48,23.41,23.42,371
0056,20170119,23.40,23.40,23.35,23.39,300
0056,20170120,23.40,23.43,23.35,23.35,603
0056,20170123,23.35,23.49,23.35,23.48,544
0056,20170124,23.48,23.55,23.48,23.54,832
0056,20170202,23.55,23.64,23.54,23.55,946
0056,20170203,23.55,23.65,23.53,23.65,1328
0056,20170206,23.66,23.96,23.66,23.93,2918
0056,20170207,23.93,24.00,23.91,23.96,2097
0056,20170208,23.96,24.24,23.95,24.15,3332
0056,20170209,24.15,24.20,24.08,24.19,1188
0056,20170210,24.22,24.45,24.22,24.33,2251
0056,20170213,24.33,24.34,24.25,24.33,1874
0056,20170214,24.34,24.52,24.34,24.40,2645
0056,20170215,24.40,24.61,24.40,24.59,2798
0056,20170216,24.60,24.69,24.42,24.48,10656
0056,20170217,24.48,24.54,24.42,24.45,3166
0056,20170218,24.45,24.50,24.40,24.50,1108
0056,20170220,24.50,24.55,24.30,24.37,922
0056,20170221,24.37,24.37,24.19,24.24,945
0056,20170222,24.25,24.41,24.25,24.38,1078
0056,20170223,24.40,24.52,24.40,24.44,1808
0056,20170224,24.44,24.48,24.38,24.48,926
0056,20170301,24.50,24.57,24.47,24.50,1044
0056,20170302,24.53,24.65,24.46,24.50,2964
0056,20170303,24.48,24.50,24.45,24.47,703
0056,20170306,24.47,24.47,24.42,24.45,699
0056,20170307,24.45,24.52,24.44,24.51,851
0056,20170308,24.52,24.57,24.52,24.56,687
0056,20170309,24.56,24.57,24.45,24.50,1216
0056,20170310,24.50,24.50,24.22,24.40,1267
0056,20170313,24.40,24.50,24.40,24.49,564
0056,20170314,24.50,24.60,24.49,24.60,1900
0056,20170315,24.60,24.65,24.58,24.59,1084
0056,20170316,24.64,24.82,24.64,24.76,2443
0056,20170317,24.76,24.83,24.76,24.80,1542
0056,20170320,24.81,24.95,24.81,24.92,2451
0056,20170321,24.95,25.15,24.95,25.03,8280
0056,20170322,24.79,25.09,24.78,25.08,2598
0056,20170323,25.05,25.08,24.96,25.00,1112
0056,20170324,25.00,25.00,24.94,24.98,1082
0056,20170327,24.97,24.97,24.84,24.86,1090
0056,20170328,24.86,24.92,24.58,24.75,2018
0056,20170329,24.83,24.83,24.75,24.80,523
0056,20170330,24.80,24.84,24.73,24.80,489
0056,20170331,24.80,24.80,24.72,24.73,773
0056,20170405,24.73,24.93,24.73,24.91,1351
0056,20170406,24.91,24.91,24.80,24.85,479
0056,20170407,24.85,24.86,24.65,24.79,860
0056,20170410,24.79,24.83,24.79,24.82,766
0056,20170411,24.82,24.82,24.58,24.59,2154
0056,20170412,24.60,24.60,24.39,24.49,1836
0056,20170413,24.49,24.52,24.42,24.52,958
0056,20170414,24.48,24.48,24.23,24.27,5400
0056,20170417,24.27,24.29,23.99,24.18,7015
0056,20170418,24.20,24.28,24.18,24.25,1419
0056,20170419,24.22,24.22,24.02,24.18,3385
0056,20170420,24.15,24.15,23.96,24.01,5947
0056,20170421,24.15,24.15,24.03,24.09,2625
0056,20170424,24.13,24.17,24.04,24.11,1199
0056,20170425,24.20,24.23,24.12,24.23,1134
0056,20170426,24.27,24.45,24.27,24.45,1736
0056,20170427,24.45,24.46,24.38,24.44,441
0056,20170428,24.45,24.52,24.41,24.45,2088
0056,20170502,24.53,24.59,24.52,24.56,3285
0056,20170503,24.57,24.58,24.51,24.51,736
0056,20170504,24.51,24.61,24.50,24.61,2623
0056,20170505,24.61,24.64,24.50,24.51,1718
0056,20170508,24.55,24.62,24.55,24.57,827
0056,20170509,24.57,24.61,24.47,24.50,1043
0056,20170510,24.50,24.50,24.45,24.47,637
0056,20170511,24.47,24.50,24.42,24.48,450
0056,20170512,24.45,24.58,24.45,24.56,643
0056,20170515,24.57,24.73,24.57,24.70,1571
0056,20170516,24.70,24.82,24.70,24.75,1048
0056,20170517,24.75,24.78,24.70,24.70,898
0056,20170518,24.60,24.66,24.50,24.66,610
0056,20170519,24.69,24.73,24.62,24.69,1565
0056,20170522,24.69,24.78,24.69,24.75,583
0056,20170523,24.75,24.76,24.75,24.76,532
0056,20170524,24.72,24.76,24.70,24.76,617
0056,20170525,24.76,24.81,24.76,24.81,1394
0056,20170526,24.81,24.95,24.81,24.89,2790
0056,20170531,24.89,24.90,24.80,24.83,649
0056,20170601,24.83,24.85,24.83,24.84,388
0056,20170602,24.85,24.87,24.84,24.86,503
0056,20170603,24.88,24.92,24.86,24.90,1636
0056,20170605,24.90,25.00,24.90,24.99,3296
0056,20170606,24.99,25.02,24.97,25.00,4960
0056,20170607,25.00,25.04,24.91,24.93,905
0056,20170608,24.93,25.00,24.93,25.00,555
0056,20170609,25.00,25.09,25.00,25.00,2810
0056,20170612,24.98,25.11,24.94,25.07,5332
0056,20170613,25.07,25.18,25.07,25.16,1617
0056,20170614,25.16,25.18,24.92,24.96,2786
0056,20170615,24.98,25.00,24.92,24.98,1039
0056,20170616,24.97,25.05,24.94,25.05,1857
0056,20170619,25.05,25.25,25.03,25.22,6644
0056,20170620,25.24,25.31,25.24,25.26,1709
0056,20170621,25.26,25.45,25.21,25.42,4101
0056,20170622,25.43,25.59,25.43,25.56,3199
0056,20170623,25.56,25.57,25.46,25.48,996
0056,20170626,25.48,25.72,25.48,25.70,3756
0056,20170627,25.70,25.82,25.70,25.76,1443
0056,20170628,25.70,25.76,25.55,25.57,1214
0056,20170629,25.57,25.71,25.57,25.60,1233
0056,20170630,25.60,25.60,25.50,25.58,700
0056,20170703,25.57,25.75,25.57,25.75,1110
0056,20170704,25.75,25.76,25.60,25.65,1131
0056,20170705,25.65,25.68,25.50,25.68,985
0056,20170706,25.68,25.68,25.60,25.64,851
0056,20170707,25.64,25.64,25.54,25.56,801
0056,20170710,25.56,25.60,25.56,25.58,649
0056,20170711,25.59,25.82,25.59,25.80,1443
0056,20170712,25.80,25.96,25.80,25.94,1062
0056,20170713,25.97,26.04,25.97,26.00,2142
0056,20170714,26.00,26.10,25.99,26.04,1483
0056,20170717,26.05,26.17,26.05,26.11,1334
0056,20170718,26.11,26.13,26.08,26.13,1117
0056,20170719,26.13,26.30,26.13,26.25,2426
0056,20170720,26.30,26.31,26.23,26.25,973
0056,20170721,26.20,26.20,26.10,26.11,1106
0056,20170724,26.00,26.05,25.98,26.03,2894
0056,20170725,26.03,26.17,26.03,26.16,1118
0056,20170726,26.16,26.18,26.13,26.15,646
0056,20170727,26.15,26.23,26.15,26.22,1024
0056,20170728,26.20,26.21,26.18,26.19,758
0056,20170731,26.19,26.19,26.04,26.09,899
0056,20170801,26.09,26.21,26.09,26.20,863
0056,20170802,26.22,26.35,26.22,26.28,1462
0056,20170803,26.29,26.29,26.20,26.23,849
0056,20170804,26.23,26.29,26.23,26.29,1126
0056,20170807,26.31,26.37,26.30,26.34,1000
0056,20170808,26.34,26.45,26.34,26.36,772
0056,20170809,26.36,26.39,26.25,26.26,1314
0056,20170810,26.26,26.26,25.84,25.90,4650
0056,20170811,25.75,25.86,25.65,25.86,4616
0056,20170814,25.86,25.86,25.42,25.44,4019
0056,20170815,25.52,25.70,25.52,25.68,2178
0056,20170816,25.70,25.73,25.59,25.64,3961
0056,20170817,25.69,25.85,25.69,25.85,879
0056,20170818,25.79,25.79,25.60,25.78,1957
0056,20170821,25.78,25.78,25.59,25.67,1845
0056,20170822,25.67,25.78,25.67,25.78,625
0056,20170823,25.80,25.90,25.80,25.87,790
0056,20170824,25.90,25.94,25.87,25.92,724
0056,20170825,25.96,25.96,25.92,25.94,506
0056,20170828,25.96,25.98,25.94,25.98,623
0056,20170829,25.98,25.98,25.84,25.85,1027
0056,20170830,25.86,25.98,25.86,25.98,1094
0056,20170831,25.99,26.13,25.99,26.09,2100
0056,20170901,26.10,26.28,26.09,26.25,3841
0056,20170904,26.25,26.25,26.17,26.22,859
0056,20170905,26.22,26.29,26.22,26.29,1082
0056,20170906,26.29,26.30,26.17,26.25,1561
0056,20170907,26.24,26.30,26.12,26.14,1182
0056,20170908,26.15,26.25,26.15,26.23,968
0056,20170911,26.26,26.36,26.26,26.31,1548
0056,20170912,26.33,26.52,26.33,26.49,2066
0056,20170913,26.50,26.60,26.48,26.50,1600
0056,20170914,26.50,26.56,26.46,26.51,977
0056,20170915,26.50,26.58,26.46,26.55,1920
0056,20170918,26.55,26.80,26.55,26.80,2795
0056,20170919,26.80,26.85,26.48,26.48,2675
0056,20170920,26.48,26.50,26.31,26.34,1682
0056,20170921,26.34,26.47,26.34,26.43,779
0056,20170922,26.43,26.45,26.19,26.20,3103
0056,20170925,26.20,26.21,25.69,25.80,9492
0056,20170926,25.80,25.88,25.56,25.65,9639
0056,20170927,25.70,25.80,25.67,25.77,2833
0056,20170928,25.80,25.88,25.72,25.80,1763
0056,20170929,25.80,25.84,25.61,25.80,5461
0056,20170930,25.85,25.96,25.84,25.96,1178
0056,20171002,26.05,26.18,26.02,26.15,1124
0056,20171003,26.17,26.25,26.12,26.24,1292
0056,20171005,26.24,26.29,26.18,26.29,786
0056,20171006,26.50,26.50,26.35,26.41,1473
0056,20171011,26.45,26.45,26.32,26.41,3156
0056,20171012,26.41,26.43,26.32,26.39,1675
0056,20171013,26.35,26.35,26.24,26.28,2687
0056,20171016,26.28,26.42,26.25,26.38,1888
0056,20171017,26.38,26.46,26.31,26.31,1002
0056,20171018,26.33,26.40,26.29,26.33,1089
0056,20171019,26.35,26.39,26.33,26.35,952
0056,20171020,26.35,26.35,26.25,26.33,1375
0056,20171023,26.34,26.52,26.34,26.50,5967
0056,20171024,26.50,26.65,26.50,26.64,5248
0056,20171025,26.64,26.69,26.62,26.64,1352
0056,20171026,26.64,26.64,26.48,26.62,1353
0056,20171027,26.60,26.62,26.38,26.39,3736
0056,20171030,25.66,25.66,25.30,25.50,8422
0056,20171031,25.47,25.61,25.38,25.58,2929
0056,20171101,25.60,25.63,25.55,25.60,1777
0056,20171102,25.60,25.69,25.60,25.67,1026
0056,20171103,25.70,25.80,25.65,25.69,2005
0056,20171106,25.80,25.80,25.52,25.60,2153
0056,20171107,25.60,25.62,25.55,25.60,1119
0056,20171108,25.60,25.65,25.56,25.65,990
0056,20171109,25.65,25.70,25.34,25.41,3077
0056,20171110,25.41,25.41,25.06,25.29,5708
0056,20171113,25.29,25.30,25.00,25.00,9228
0056,20171114,25.00,25.15,24.93,25.14,3771
0056,20171115,25.14,25.14,24.90,25.03,4269
0056,20171116,25.00,25.09,24.93,25.04,2339
0056,20171117,25.11,25.21,25.10,25.13,3064
0056,20171120,25.13,25.15,25.04,25.09,2342
0056,20171121,25.10,25.23,25.10,25.19,1128
0056,20171122,25.21,25.25,25.15,25.17,1915
0056,20171123,25.19,25.28,25.17,25.20,1804
0056,20171124,25.20,25.28,25.20,25.26,1595
0056,20171127,25.26,25.35,25.17,25.20,1504
0056,20171128,25.19,25.20,25.09,25.10,1536
0056,20171129,25.11,25.20,25.11,25.15,979
0056,20171130,25.15,25.15,24.96,24.99,3821
0056,20171201,24.99,25.02,24.78,24.99,2325
0056,20171204,24.99,25.00,24.80,24.99,1957
0056,20171205,24.99,25.00,24.82,24.86,6629
0056,20171206,24.90,24.90,24.58,24.61,11757
0056,20171207,24.61,24.64,24.45,24.48,9080
0056,20171208,24.48,24.72,24.43,24.72,3647
0056,20171211,24.74,24.91,24.74,24.90,1046
0056,20171212,24.95,24.95,24.72,24.80,851
0056,20171213,24.90,24.91,24.78,24.83,594
0056,20171214,24.85,24.95,24.85,24.92,620
0056,20171215,24.93,24.93,24.76,24.86,879
0056,20171218,24.90,24.95,24.75,24.95,879
0056,20171219,24.95,24.95,24.71,24.88,691
0056,20171220,24.88,24.90,24.83,24.90,328
0056,20171221,24.90,24.92,24.88,24.90,407
0056,20171222,24.90,24.91,24.80,24.90,437
0056,20171225,24.90,24.95,24.88,24.94,527
0056,20171226,24.94,24.94,24.78,24.89,864
0056,20171227,24.89,24.90,24.82,24.90,270
0056,20171228,24.90,24.95,24.88,24.90,1653
0056,20171229,24.91,25.05,24.91,25.00,2102
0056,20180102,25.00,25.14,25.00,25.13,1868
0056,20180103,25.15,25.31,25.15,25.31,3846
0056,20180104,25.31,25.45,25.31,25.41,2736
0056,20180105,25.41,25.48,25.39,25.44,2383
0056,20180108,25.45,25.57,25.45,25.57,3048
0056,20180109,25.55,25.63,25.48,25.50,2965
0056,20180110,25.50,25.55,25.35,25.37,1323
0056,20180111,25.34,25.41,25.34,25.41,2404
0056,20180112,25.41,25.57,25.41,25.54,3979
0056,20180115,25.57,25.68,25.55,25.65,1445
0056,20180116,25.65,25.80,25.65,25.80,7649
0056,20180117,25.80,25.93,25.76,25.92,7014
0056,20180118,25.92,26.13,25.92,26.02,7911
0056,20180119,26.02,26.12,25.98,26.00,2496
0056,20180122,26.00,26.25,26.00,26.25,6755
0056,20180123,26.25,26.40,26.17,26.20,2946
0056,20180124,26.17,26.39,26.17,26.32,9028
0056,20180125,26.32,26.61,26.32,26.45,6270
0056,20180126,26.45,26.54,26.31,26.54,2397
0056,20180129,26.57,26.80,26.57,26.80,7869
0056,20180130,26.76,26.76,26.40,26.41,2594
0056,20180131,26.30,26.48,26.17,26.45,2438
0056,20180201,26.45,26.54,26.40,26.42,799
0056,20180202,26.39,26.40,26.22,26.34,2118
0056,20180205,26.10,26.10,25.77,26.00,2894
0056,20180206,25.60,25.60,24.55,24.99,13899
0056,20180207,25.16,25.51,25.16,25.43,2950
0056,20180208,25.43,25.50,25.30,25.50,1313
0056,20180209,24.86,25.50,24.63,25.50,4127
0056,20180212,25.50,25.50,25.14,25.15,3449
0056,20180221,25.50,25.72,25.40,25.72,1841
0056,20180222,25.68,25.68,25.55,25.62,919
0056,20180223,25.72,25.80,25.72,25.80,1464
0056,20180226,25.91,25.98,25.91,25.98,4476
0056,20180227,26.01,26.15,25.95,25.95,2117
0056,20180301,25.80,25.91,25.70,25.91,1040
0056,20180302,25.85,25.85,25.66,25.76,851
0056,20180305,25.78,25.80,25.60,25.63,749
0056,20180306,25.71,25.81,25.65,25.76,1020
0056,20180307,25.75,25.88,25.65,25.70,1096
0056,20180308,25.70,26.07,25.70,26.01,2120
0056,20180309,26.05,26.05,25.91,25.93,513
0056,20180312,26.05,26.14,26.02,26.10,2819
0056,20180313,26.10,26.17,26.08,26.17,1881
0056,20180314,26.08,26.21,26.08,26.08,1628
0056,20180315,26.00,26.15,26.00,26.11,1654
0056,20180316,26.15,26.16,26.05,26.16,803
0056,20180319,26.16,26.20,26.12,26.19,1225
0056,20180320,26.18,26.18,26.08,26.13,623
0056,20180321,26.13,26.25,26.13,26.17,698
0056,20180322,26.17,26.35,26.13,26.14,1536
0056,20180323,25.85,25.92,25.66,25.82,2810
0056,20180326,25.74,26.00,25.73,26.00,831
0056,20180327,26.06,26.14,26.06,26.08,1305
0056,20180328,26.05,26.06,25.92,25.93,714
0056,20180329,25.92,25.94,25.83,25.90,1355
0056,20180330,25.99,26.00,25.90,25.96,509
0056,20180331,25.96,25.99,25.94,25.95,212
0056,20180402,25.99,26.06,25.98,26.02,633
0056,20180403,26.00,26.00,25.88,25.92,707
0056,20180409,25.95,25.96,25.85,25.95,795
0056,20180410,25.95,25.99,25.84,25.95,388
0056,20180411,26.01,26.12,26.00,26.11,1469
0056,20180412,26.10,26.10,25.99,26.00,303
0056,20180413,26.10,26.10,25.96,25.99,475
0056,20180416,26.04,26.04,25.77,25.98,1387
0056,20180417,25.96,25.96,25.60,25.77,2488
0056,20180418,25.77,25.81,25.65,25.68,1689
0056,20180418,25.77,25.81,25.65,25.68,1689
0056,20180419,25.70,25.88,25.70,25.86,699
0056,20180420,25.80,25.86,25.70,25.82,528
0056,20180423,25.82,25.82,25.65,25.69,1729
0056,20180424,25.81,25.81,25.35,25.50,4524
0056,20180425,25.45,25.47,25.15,25.31,8716
0056,20180426,25.40,25.50,25.11,25.23,4395
0056,20180427,25.25,25.35,25.06,25.15,4863
